{"precision_macro": {"KMeans": [0.03508771929824561, 0.015503875968992248, 0.05555555555555555, 0.03980099502487562, 0.0196078431372549, 0.03900709219858156, 0.02487562189054726, 0.03954802259887006, 0.025252525252525252, 0.04597701149425287, 0.047619047619047616, 0.03864734299516908, 0.016260162601626018, 0.03968253968253968, 0.0574712643678161, 0.037037037037037035, 0.021739130434782608, 0.04, 0.03763440860215054, 0.030303030303030304, 0.012121212121212121, 0.04273504273504273, 0.037037037037037035, 0.026881720430107527, 0.0, 0.04093567251461988, 0.046875, 0.03825136612021858, 0.041666666666666664, 0.037037037037037035, 0.018518518518518517, 0.04, 0.03809523809523809, 0.027777777777777776, 0.030303030303030304, 0.017543859649122806, 0.026041666666666668, 0.019047619047619046, 0.024999999999999998, 0.03278688524590164, 0.02962962962962963, 0.0392156862745098, 0.022598870056497175, 0.016666666666666666, 0.02150537634408602, 0.047619047619047616, 0.018518518518518517, 0.026881720430107527, 0.0462962962962963, 0.043478260869565216], "MiniBatchKMeans": [0.040229885057471264, 0.0, 0.03286384976525821, 0.020202020202020204, 0.05333333333333334, 0.09876543209876543, 0.025641025641025644, 0.015151515151515152, 0.029411764705882356, 0.01990049751243781, 0.0, 0.02150537634408602, 0.010101010101010102, 0.034313725490196074, 0.05555555555555555, 0.006060606060606061, 0.0, 0.04040404040404041, 0.03968253968253968, 0.014492753623188406, 0.008771929824561403, 0.0273224043715847, 0.036036036036036036, 0.041666666666666664, 0.05649717514124294, 0.029239766081871343, 0.07777777777777778, 0.024999999999999998, 0.037037037037037035, 0.0, 0.014184397163120567, 0.0, 0.03809523809523809, 0.027777777777777776, 0.03125, 0.02, 0.023255813953488372, 0.040229885057471264, 0.050724637681159424, 0.0, 0.05952380952380953, 0.03773584905660377, 0.026143790849673203, 0.0196078431372549, 0.0, 0.06306306306306307, 0.043859649122807015, 0.01092896174863388, 0.026455026455026454, 0.06060606060606061], "AffinityPropagation": [0.0, 0.0, 0.0, 0.0, 0.0, 0.0022727272727272726, 0.0, 0.0, 0.0, 0.004761904761904762, 0.0, 0.0, 0.0, 0.005952380952380952, 0.0, 0.005952380952380952, 0.003875968992248062, 0.011904761904761904, 0.0, 0.0, 0.0, 0.0028490028490028487, 0.0, 0.0, 0.0, 0.003048780487804878, 0.0, 0.0, 0.0, 0.0, 0.0, 0.0, 0.004878048780487805, 0.0, 0.0, 0.0, 0.0, 0.0, 0.007936507936507936, 0.0, 0.00641025641025641, 0.0, 0.0065359477124183, 0.0, 0.0, 0.003875968992248062, 0.0, 0.0, 0.005952380952380952, 0.0], "MeanShift": [0.0, 0.0, 0.0, 0.0, 0.0, 0.0, 0.0, 0.0, 0.0, 0.0, 0.0, 0.0, 0.0, 0.0, 0.0, 0.0, 0.0, 0.0, 0.0, 0.0, 0.0, 0.0, 0.0, 0.0, 0.0, 0.0, 0.0, 0.0, 0.0, 0.0, 0.0, 0.0, 0.0, 0.0, 0.0, 0.0, 0.0, 0.0, 0.0, 0.0, 0.0, 0.0, 0.0, 0.0, 0.0, 0.0, 0.0, 0.0, 0.0, 0.0], "Birch": [0.0, 0.0, 0.0, 0.0, 0.0, 0.0, 0.0, 0.0, 0.018518518518518517, 0.0, 0.0, 0.0, 0.0, 0.018518518518518517, 0.0, 0.015873015873015872, 0.0, 0.0, 0.0, 0.0, 0.0, 0.0, 0.0, 0.0, 0.0, 0.0, 0.018518518518518517, 0.01818181818181818, 0.0, 0.0, 0.0, 0.0, 0.015873015873015872, 0.0, 0.0, 0.0, 0.0, 0.027777777777777776, 0.0, 0.0, 0.0, 0.0, 0.0196078431372549, 0.0, 0.0, 0.0, 0.017543859649122806, 0.0, 0.0, 0.0]}, "recall_macro": {"KMeans": [0.1818181818181818, 0.06666666666666667, 0.19999999999999998, 0.26666666666666666, 0.06666666666666667, 0.3333333333333333, 0.16666666666666666, 0.2333333333333333, 0.16666666666666666, 0.26666666666666666, 0.24242424242424243, 0.26666666666666666, 0.06666666666666667, 0.16666666666666666, 0.16666666666666666, 0.15151515151515152, 0.09999999999999999, 0.09999999999999999, 0.2333333333333333, 0.09999999999999999, 0.06060606060606061, 0.16666666666666666, 0.13333333333333333, 0.16666666666666666, 0.0, 0.21212121212121213, 0.3, 0.2333333333333333, 0.13333333333333333, 0.13333333333333333, 0.06060606060606061, 0.19999999999999998, 0.13333333333333333, 0.09999999999999999, 0.09999999999999999, 0.06060606060606061, 0.16666666666666666, 0.06666666666666667, 0.09999999999999999, 0.19999999999999998, 0.12121212121212122, 0.26666666666666666, 0.13333333333333333, 0.06666666666666667, 0.06666666666666667, 0.24242424242424243, 0.06666666666666667, 0.16666666666666666, 0.16666666666666666, 0.19999999999999998], "MiniBatchKMeans": [0.21212121212121213, 0.0, 0.2333333333333333, 0.06666666666666667, 0.26666666666666666, 0.24242424242424243, 0.16666666666666666, 0.03333333333333333, 0.09999999999999999, 0.13333333333333333, 0.0, 0.06666666666666667, 0.03333333333333333, 0.2333333333333333, 0.09999999999999999, 0.030303030303030304, 0.0, 0.13333333333333333, 0.3333333333333333, 0.03333333333333333, 0.030303030303030304, 0.16666666666666666, 0.13333333333333333, 0.19999999999999998, 0.3333333333333333, 0.15151515151515152, 0.2333333333333333, 0.09999999999999999, 0.13333333333333333, 0.0, 0.06060606060606061, 0.0, 0.13333333333333333, 0.09999999999999999, 0.09999999999999999, 0.0909090909090909, 0.09999999999999999, 0.2333333333333333, 0.2333333333333333, 0.0, 0.15151515151515152, 0.19999999999999998, 0.13333333333333333, 0.13333333333333333, 0.0, 0.21212121212121213, 0.3333333333333333, 0.06666666666666667, 0.16666666666666666, 0.19999999999999998], "AffinityPropagation": [0.0, 0.0, 0.0, 0.0, 0.0, 0.0022727272727272726, 0.0, 0.0, 0.0, 0.002380952380952381, 0.0, 0.0, 0.0, 0.002380952380952381, 0.0, 0.0021645021645021645, 0.002325581395348837, 0.002380952380952381, 0.0, 0.0, 0.0, 0.002564102564102564, 0.0, 0.0, 0.0, 0.0022172949002217295, 0.0, 0.0, 0.0, 0.0, 0.0, 0.0, 0.0024390243902439024, 0.0, 0.0, 0.0, 0.0, 0.0, 0.004761904761904762, 0.0, 0.002331002331002331, 0.0, 0.00196078431372549, 0.0, 0.0, 0.0021141649048625794, 0.0, 0.0, 0.002380952380952381, 0.0], "MeanShift": [0.0, 0.0, 0.0, 0.0, 0.0, 0.0, 0.0, 0.0, 0.0, 0.0, 0.0, 0.0, 0.0, 0.0, 0.0, 0.0, 0.0, 0.0, 0.0, 0.0, 0.0, 0.0, 0.0, 0.0, 0.0, 0.0, 0.0, 0.0, 0.0, 0.0, 0.0, 0.0, 0.0, 0.0, 0.0, 0.0, 0.0, 0.0, 0.0, 0.0, 0.0, 0.0, 0.0, 0.0, 0.0, 0.0, 0.0, 0.0, 0.0, 0.0], "Birch": [0.0, 0.0, 0.0, 0.0, 0.0, 0.0, 0.0, 0.0, 0.03333333333333333, 0.0, 0.0, 0.0, 0.0, 0.03333333333333333, 0.0, 0.030303030303030304, 0.0, 0.0, 0.0, 0.0, 0.0, 0.0, 0.0, 0.0, 0.0, 0.0, 0.03333333333333333, 0.09999999999999999, 0.0, 0.0, 0.0, 0.0, 0.03333333333333333, 0.0, 0.0, 0.0, 0.0, 0.13333333333333333, 0.0, 0.0, 0.0, 0.0, 0.03333333333333333, 0.0, 0.0, 0.0, 0.03333333333333333, 0.0, 0.0, 0.0]}, "f1_macro": {"KMeans": [0.0588235294117647, 0.025157232704402514, 0.08695652173913043, 0.06926406926406926, 0.0303030303030303, 0.06984126984126983, 0.04329004329004329, 0.06763285024154589, 0.043859649122807015, 0.07843137254901959, 0.07960199004975124, 0.06751054852320675, 0.026143790849673207, 0.0641025641025641, 0.08547008547008549, 0.059523809523809514, 0.03571428571428571, 0.05714285714285714, 0.06481481481481481, 0.046511627906976744, 0.0202020202020202, 0.06802721088435373, 0.05797101449275363, 0.04629629629629629, 0.0, 0.06862745098039215, 0.08108108108108109, 0.06572769953051644, 0.06349206349206349, 0.05797101449275363, 0.028368794326241134, 0.06666666666666667, 0.059259259259259255, 0.043478260869565216, 0.046511627906976744, 0.027210884353741496, 0.04504504504504505, 0.029629629629629627, 0.04, 0.056338028169014086, 0.047619047619047616, 0.06837606837606837, 0.03864734299516909, 0.026666666666666672, 0.032520325203252036, 0.07960199004975124, 0.028985507246376815, 0.04629629629629629, 0.07246376811594203, 0.07142857142857142],